"","symboling","wheel-base","length","width","height","curb-weight","engine-size","bore","stroke","compression-ratio","horsepower","peak-rpm","city-mpg","highway-mpg","price","makeaudi","makebmw","makechevrolet","makedodge","makehonda","makeisuzu","makejaguar","makemazda","makemercedes-benz","makemercury","makemitsubishi","makenissan","makepeugot","makeplymouth","makeporsche","makesaab","makesubaru","maketoyota","makevolkswagen","makevolvo","`fuel-type`gas","aspirationturbo","`num-of-doors`two","`body-style`hardtop","`body-style`hatchback","`body-style`sedan","`body-style`wagon","`engine-location`rear","`engine-type`l","`engine-type`ohc","`engine-type`ohcf","`engine-type`ohcv","`drive-wheels`fwd","`drive-wheels`rwd","`num-of-cylinders`five","`num-of-cylinders`four","`num-of-cylinders`six","`num-of-cylinders`three","`num-of-cylinders`twelve","`fuel-system`2bbl","`fuel-system`idi","`fuel-system`mfi","`fuel-system`mpfi","`fuel-system`spdi","`fuel-system`spfi"
"1",3,88.6,168.8,64.1,48.8,2548,130,3.47,2.68,9,111,5000,21,27,16500,0,0,0,0,0,0,0,0,0,0,0,0,0,0,0,0,0,0,0,0,1,0,1,0,0,0,0,0,0,0,0,0,0,1,0,1,0,0,0,0,0,0,1,0,0
"2",1,94.5,171.2,65.5,52.4,2823,152,2.68,3.47,9,154,5000,19,26,16500,0,0,0,0,0,0,0,0,0,0,0,0,0,0,0,0,0,0,0,0,1,0,1,0,1,0,0,0,0,0,0,1,0,1,0,0,1,0,0,0,0,0,1,0,0
"3",2,99.8,176.6,66.2,54.3,2337,109,3.19,3.4,10,102,5500,24,30,13950,1,0,0,0,0,0,0,0,0,0,0,0,0,0,0,0,0,0,0,0,1,0,0,0,0,1,0,0,0,1,0,0,1,0,0,1,0,0,0,0,0,0,1,0,0
"4",2,99.4,176.6,66.4,54.3,2824,136,3.19,3.4,8,115,5500,18,22,17450,1,0,0,0,0,0,0,0,0,0,0,0,0,0,0,0,0,0,0,0,1,0,0,0,0,1,0,0,0,1,0,0,0,0,1,0,0,0,0,0,0,0,1,0,0
"5",2,99.8,177.3,66.3,53.1,2507,136,3.19,3.4,8.5,110,5500,19,25,15250,1,0,0,0,0,0,0,0,0,0,0,0,0,0,0,0,0,0,0,0,1,0,1,0,0,1,0,0,0,1,0,0,1,0,1,0,0,0,0,0,0,0,1,0,0
"6",1,105.8,192.7,71.4,55.7,2844,136,3.19,3.4,8.5,110,5500,19,25,17710,1,0,0,0,0,0,0,0,0,0,0,0,0,0,0,0,0,0,0,0,1,0,0,0,0,1,0,0,0,1,0,0,1,0,1,0,0,0,0,0,0,0,1,0,0
"7",1,105.8,192.7,71.4,55.7,2954,136,3.19,3.4,8.5,110,5500,19,25,18920,1,0,0,0,0,0,0,0,0,0,0,0,0,0,0,0,0,0,0,0,1,0,0,0,0,0,1,0,0,1,0,0,1,0,1,0,0,0,0,0,0,0,1,0,0
"8",1,105.8,192.7,71.4,55.9,3086,131,3.13,3.4,8.3,140,5500,17,20,23875,1,0,0,0,0,0,0,0,0,0,0,0,0,0,0,0,0,0,0,0,1,1,0,0,0,1,0,0,0,1,0,0,1,0,1,0,0,0,0,0,0,0,1,0,0
"9",2,101.2,176.8,64.8,54.3,2395,108,3.5,2.8,8.8,101,5800,23,29,16430,0,1,0,0,0,0,0,0,0,0,0,0,0,0,0,0,0,0,0,0,1,0,1,0,0,1,0,0,0,1,0,0,0,1,0,1,0,0,0,0,0,0,1,0,0
"10",0,101.2,176.8,64.8,54.3,2395,108,3.5,2.8,8.8,101,5800,23,29,16925,0,1,0,0,0,0,0,0,0,0,0,0,0,0,0,0,0,0,0,0,1,0,0,0,0,1,0,0,0,1,0,0,0,1,0,1,0,0,0,0,0,0,1,0,0
"11",0,101.2,176.8,64.8,54.3,2710,164,3.31,3.19,9,121,4250,21,28,20970,0,1,0,0,0,0,0,0,0,0,0,0,0,0,0,0,0,0,0,0,1,0,1,0,0,1,0,0,0,1,0,0,0,1,0,0,1,0,0,0,0,0,1,0,0
"12",0,101.2,176.8,64.8,54.3,2765,164,3.31,3.19,9,121,4250,21,28,21105,0,1,0,0,0,0,0,0,0,0,0,0,0,0,0,0,0,0,0,0,1,0,0,0,0,1,0,0,0,1,0,0,0,1,0,0,1,0,0,0,0,0,1,0,0
"13",1,103.5,189,66.9,55.7,3055,164,3.31,3.19,9,121,4250,20,25,24565,0,1,0,0,0,0,0,0,0,0,0,0,0,0,0,0,0,0,0,0,1,0,0,0,0,1,0,0,0,1,0,0,0,1,0,0,1,0,0,0,0,0,1,0,0
"14",0,103.5,189,66.9,55.7,3230,209,3.62,3.39,8,182,5400,16,22,30760,0,1,0,0,0,0,0,0,0,0,0,0,0,0,0,0,0,0,0,0,1,0,0,0,0,1,0,0,0,1,0,0,0,1,0,0,1,0,0,0,0,0,1,0,0
"15",0,103.5,193.8,67.9,53.7,3380,209,3.62,3.39,8,182,5400,16,22,41315,0,1,0,0,0,0,0,0,0,0,0,0,0,0,0,0,0,0,0,0,1,0,1,0,0,1,0,0,0,1,0,0,0,1,0,0,1,0,0,0,0,0,1,0,0
"16",0,110,197,70.9,56.3,3505,209,3.62,3.39,8,182,5400,15,20,36880,0,1,0,0,0,0,0,0,0,0,0,0,0,0,0,0,0,0,0,0,1,0,0,0,0,1,0,0,0,1,0,0,0,1,0,0,1,0,0,0,0,0,1,0,0
"17",2,88.4,141.1,60.3,53.2,1488,61,2.91,3.03,9.5,48,5100,47,53,5151,0,0,1,0,0,0,0,0,0,0,0,0,0,0,0,0,0,0,0,0,1,0,1,0,1,0,0,0,1,0,0,0,1,0,0,0,0,1,0,1,0,0,0,0,0
"18",1,94.5,155.9,63.6,52,1874,90,3.03,3.11,9.6,70,5400,38,43,6295,0,0,1,0,0,0,0,0,0,0,0,0,0,0,0,0,0,0,0,0,1,0,1,0,1,0,0,0,0,1,0,0,1,0,0,1,0,0,0,1,0,0,0,0,0
"19",0,94.5,158.8,63.6,52,1909,90,3.03,3.11,9.6,70,5400,38,43,6575,0,0,1,0,0,0,0,0,0,0,0,0,0,0,0,0,0,0,0,0,1,0,0,0,0,1,0,0,0,1,0,0,1,0,0,1,0,0,0,1,0,0,0,0,0
"20",1,93.7,157.3,63.8,50.8,1876,90,2.97,3.23,9.41,68,5500,37,41,5572,0,0,0,1,0,0,0,0,0,0,0,0,0,0,0,0,0,0,0,0,1,0,1,0,1,0,0,0,0,1,0,0,1,0,0,1,0,0,0,1,0,0,0,0,0
"21",1,93.7,157.3,63.8,50.8,1876,90,2.97,3.23,9.4,68,5500,31,38,6377,0,0,0,1,0,0,0,0,0,0,0,0,0,0,0,0,0,0,0,0,1,0,1,0,1,0,0,0,0,1,0,0,1,0,0,1,0,0,0,1,0,0,0,0,0
"22",1,93.7,157.3,63.8,50.8,2128,98,3.03,3.39,7.6,102,5500,24,30,7957,0,0,0,1,0,0,0,0,0,0,0,0,0,0,0,0,0,0,0,0,1,1,1,0,1,0,0,0,0,1,0,0,1,0,0,1,0,0,0,0,0,0,1,0,0
"23",1,93.7,157.3,63.8,50.6,1967,90,2.97,3.23,9.4,68,5500,31,38,6229,0,0,0,1,0,0,0,0,0,0,0,0,0,0,0,0,0,0,0,0,1,0,0,0,1,0,0,0,0,1,0,0,1,0,0,1,0,0,0,1,0,0,0,0,0
"24",1,93.7,157.3,63.8,50.6,1989,90,2.97,3.23,9.4,68,5500,31,38,6692,0,0,0,1,0,0,0,0,0,0,0,0,0,0,0,0,0,0,0,0,1,0,0,0,0,1,0,0,0,1,0,0,1,0,0,1,0,0,0,1,0,0,0,0,0
"25",1,93.7,157.3,63.8,50.6,1989,90,2.97,3.23,9.4,68,5500,31,38,7609,0,0,0,1,0,0,0,0,0,0,0,0,0,0,0,0,0,0,0,0,1,0,0,0,0,1,0,0,0,1,0,0,1,0,0,1,0,0,0,1,0,0,0,0,0
"26",-1,103.3,174.6,64.6,59.8,2535,122,3.34,3.46,8.5,88,5000,24,30,8921,0,0,0,1,0,0,0,0,0,0,0,0,0,0,0,0,0,0,0,0,1,0,0,0,0,0,1,0,0,1,0,0,1,0,0,1,0,0,0,1,0,0,0,0,0
"27",3,95.9,173.2,66.3,50.2,2811,156,3.6,3.9,7,145,5000,19,24,12964,0,0,0,1,0,0,0,0,0,0,0,0,0,0,0,0,0,0,0,0,1,1,1,0,1,0,0,0,0,1,0,0,1,0,0,1,0,0,0,0,0,1,0,0,0
"28",2,86.6,144.6,63.9,50.8,1713,92,2.91,3.41,9.6,58,4800,49,54,6479,0,0,0,0,1,0,0,0,0,0,0,0,0,0,0,0,0,0,0,0,1,0,1,0,1,0,0,0,0,1,0,0,1,0,0,1,0,0,0,0,0,0,0,0,0
"29",2,86.6,144.6,63.9,50.8,1819,92,2.91,3.41,9.2,76,6000,31,38,6855,0,0,0,0,1,0,0,0,0,0,0,0,0,0,0,0,0,0,0,0,1,0,1,0,1,0,0,0,0,1,0,0,1,0,0,1,0,0,0,0,0,0,0,0,0
"30",1,93.7,150,64,52.6,1837,79,2.91,3.07,10.1,60,5500,38,42,5399,0,0,0,0,1,0,0,0,0,0,0,0,0,0,0,0,0,0,0,0,1,0,1,0,1,0,0,0,0,1,0,0,1,0,0,1,0,0,0,0,0,0,0,0,0
"31",1,93.7,150,64,52.6,1940,92,2.91,3.41,9.2,76,6000,30,34,6529,0,0,0,0,1,0,0,0,0,0,0,0,0,0,0,0,0,0,0,0,1,0,1,0,1,0,0,0,0,1,0,0,1,0,0,1,0,0,0,0,0,0,0,0,0
"32",1,93.7,150,64,52.6,1956,92,2.91,3.41,9.2,76,6000,30,34,7129,0,0,0,0,1,0,0,0,0,0,0,0,0,0,0,0,0,0,0,0,1,0,1,0,1,0,0,0,0,1,0,0,1,0,0,1,0,0,0,0,0,0,0,0,0
"33",0,96.5,163.4,64,54.5,2010,92,2.91,3.41,9.2,76,6000,30,34,7295,0,0,0,0,1,0,0,0,0,0,0,0,0,0,0,0,0,0,0,0,1,0,0,0,0,1,0,0,0,1,0,0,1,0,0,1,0,0,0,0,0,0,0,0,0
"34",0,96.5,157.1,63.9,58.3,2024,92,2.92,3.41,9.2,76,6000,30,34,7295,0,0,0,0,1,0,0,0,0,0,0,0,0,0,0,0,0,0,0,0,1,0,0,0,0,0,1,0,0,1,0,0,1,0,0,1,0,0,0,0,0,0,0,0,0
"35",0,96.5,167.5,65.2,53.3,2236,110,3.15,3.58,9,86,5800,27,33,7895,0,0,0,0,1,0,0,0,0,0,0,0,0,0,0,0,0,0,0,0,1,0,1,0,1,0,0,0,0,1,0,0,1,0,0,1,0,0,0,0,0,0,0,0,0
"36",0,96.5,167.5,65.2,53.3,2289,110,3.15,3.58,9,86,5800,27,33,9095,0,0,0,0,1,0,0,0,0,0,0,0,0,0,0,0,0,0,0,0,1,0,1,0,1,0,0,0,0,1,0,0,1,0,0,1,0,0,0,0,0,0,0,0,0
"37",0,96.5,175.4,65.2,54.1,2304,110,3.15,3.58,9,86,5800,27,33,8845,0,0,0,0,1,0,0,0,0,0,0,0,0,0,0,0,0,0,0,0,1,0,0,0,0,1,0,0,0,1,0,0,1,0,0,1,0,0,0,0,0,0,0,0,0
"38",0,96.5,175.4,62.5,54.1,2372,110,3.15,3.58,9,86,5800,27,33,10295,0,0,0,0,1,0,0,0,0,0,0,0,0,0,0,0,0,0,0,0,1,0,0,0,0,1,0,0,0,1,0,0,1,0,0,1,0,0,0,0,0,0,0,0,0
"39",0,96.5,175.4,65.2,54.1,2465,110,3.15,3.58,9,101,5800,24,28,12945,0,0,0,0,1,0,0,0,0,0,0,0,0,0,0,0,0,0,0,0,1,0,0,0,0,1,0,0,0,1,0,0,1,0,0,1,0,0,0,0,0,0,1,0,0
"40",1,96.5,169.1,66,51,2293,110,3.15,3.58,9.1,100,5500,25,31,10345,0,0,0,0,1,0,0,0,0,0,0,0,0,0,0,0,0,0,0,0,1,0,1,0,0,1,0,0,0,1,0,0,1,0,0,1,0,0,0,1,0,0,0,0,0
"41",0,94.3,170.7,61.8,53.5,2337,111,3.31,3.23,8.5,78,4800,24,29,6785,0,0,0,0,0,1,0,0,0,0,0,0,0,0,0,0,0,0,0,0,1,0,0,0,0,1,0,0,0,1,0,0,0,1,0,1,0,0,0,1,0,0,0,0,0
"42",2,96,172.6,65.2,51.4,2734,119,3.43,3.23,9.2,90,5000,24,29,11048,0,0,0,0,0,1,0,0,0,0,0,0,0,0,0,0,0,0,0,0,1,0,1,0,1,0,0,0,0,1,0,0,0,1,0,1,0,0,0,0,0,0,0,0,1
"43",0,113,199.6,69.6,52.8,4066,258,3.63,4.17,8.1,176,4750,15,19,32250,0,0,0,0,0,0,1,0,0,0,0,0,0,0,0,0,0,0,0,0,1,0,0,0,0,1,0,0,0,0,0,0,0,1,0,0,1,0,0,0,0,0,1,0,0
"44",0,113,199.6,69.6,52.8,4066,258,3.63,4.17,8.1,176,4750,15,19,35550,0,0,0,0,0,0,1,0,0,0,0,0,0,0,0,0,0,0,0,0,1,0,0,0,0,1,0,0,0,0,0,0,0,1,0,0,1,0,0,0,0,0,1,0,0
"45",0,102,191.7,70.6,47.8,3950,326,3.54,2.76,11.5,262,5000,13,17,36000,0,0,0,0,0,0,1,0,0,0,0,0,0,0,0,0,0,0,0,0,1,0,1,0,0,1,0,0,0,0,0,1,0,1,0,0,0,0,1,0,0,0,1,0,0
"46",1,93.1,159.1,64.2,54.1,1890,91,3.03,3.15,9,68,5000,30,31,5195,0,0,0,0,0,0,0,1,0,0,0,0,0,0,0,0,0,0,0,0,1,0,1,0,1,0,0,0,0,1,0,0,1,0,0,1,0,0,0,1,0,0,0,0,0
"47",1,93.1,159.1,64.2,54.1,1900,91,3.03,3.15,9,68,5000,31,38,6095,0,0,0,0,0,0,0,1,0,0,0,0,0,0,0,0,0,0,0,0,1,0,1,0,1,0,0,0,0,1,0,0,1,0,0,1,0,0,0,1,0,0,0,0,0
"48",1,93.1,159.1,64.2,54.1,1905,91,3.03,3.15,9,68,5000,31,38,6795,0,0,0,0,0,0,0,1,0,0,0,0,0,0,0,0,0,0,0,0,1,0,1,0,1,0,0,0,0,1,0,0,1,0,0,1,0,0,0,1,0,0,0,0,0
"49",1,93.1,166.8,64.2,54.1,1945,91,3.03,3.15,9,68,5000,31,38,6695,0,0,0,0,0,0,0,1,0,0,0,0,0,0,0,0,0,0,0,0,1,0,0,0,0,1,0,0,0,1,0,0,1,0,0,1,0,0,0,1,0,0,0,0,0
"50",1,93.1,166.8,64.2,54.1,1950,91,3.08,3.15,9,68,5000,31,38,7395,0,0,0,0,0,0,0,1,0,0,0,0,0,0,0,0,0,0,0,0,1,0,0,0,0,1,0,0,0,1,0,0,1,0,0,1,0,0,0,1,0,0,0,0,0
"51",1,98.8,177.8,66.5,53.7,2385,122,3.39,3.39,8.6,84,4800,26,32,8845,0,0,0,0,0,0,0,1,0,0,0,0,0,0,0,0,0,0,0,0,1,0,1,0,1,0,0,0,0,1,0,0,1,0,0,1,0,0,0,1,0,0,0,0,0
"52",0,98.8,177.8,66.5,55.5,2410,122,3.39,3.39,8.6,84,4800,26,32,8495,0,0,0,0,0,0,0,1,0,0,0,0,0,0,0,0,0,0,0,0,1,0,0,0,0,1,0,0,0,1,0,0,1,0,0,1,0,0,0,1,0,0,0,0,0
"53",1,98.8,177.8,66.5,53.7,2385,122,3.39,3.39,8.6,84,4800,26,32,10595,0,0,0,0,0,0,0,1,0,0,0,0,0,0,0,0,0,0,0,0,1,0,1,0,1,0,0,0,0,1,0,0,1,0,0,1,0,0,0,1,0,0,0,0,0
"54",0,98.8,177.8,66.5,55.5,2410,122,3.39,3.39,8.6,84,4800,26,32,10245,0,0,0,0,0,0,0,1,0,0,0,0,0,0,0,0,0,0,0,0,1,0,0,0,0,1,0,0,0,1,0,0,1,0,0,1,0,0,0,1,0,0,0,0,0
"55",0,98.8,177.8,66.5,55.5,2425,122,3.39,3.39,8.6,84,4800,26,32,11245,0,0,0,0,0,0,0,1,0,0,0,0,0,0,0,0,0,0,0,0,1,0,0,0,1,0,0,0,0,1,0,0,1,0,0,1,0,0,0,1,0,0,0,0,0
"56",0,104.9,175,66.1,54.4,2670,140,3.76,3.16,8,120,5000,19,27,18280,0,0,0,0,0,0,0,1,0,0,0,0,0,0,0,0,0,0,0,0,1,0,0,0,0,1,0,0,0,1,0,0,0,1,0,1,0,0,0,0,0,0,1,0,0
"57",0,104.9,175,66.1,54.4,2700,134,3.43,3.64,22,72,4200,31,39,18344,0,0,0,0,0,0,0,1,0,0,0,0,0,0,0,0,0,0,0,0,0,0,0,0,0,1,0,0,0,1,0,0,0,1,0,1,0,0,0,0,1,0,0,0,0
"58",-1,110,190.9,70.3,56.5,3515,183,3.58,3.64,21.5,123,4350,22,25,25552,0,0,0,0,0,0,0,0,1,0,0,0,0,0,0,0,0,0,0,0,0,1,0,0,0,1,0,0,0,1,0,0,0,1,1,0,0,0,0,0,1,0,0,0,0
"59",-1,110,190.9,70.3,58.7,3750,183,3.58,3.64,21.5,123,4350,22,25,28248,0,0,0,0,0,0,0,0,1,0,0,0,0,0,0,0,0,0,0,0,0,1,0,0,0,0,1,0,0,1,0,0,0,1,1,0,0,0,0,0,1,0,0,0,0
"60",0,106.7,187.5,70.3,54.9,3495,183,3.58,3.64,21.5,123,4350,22,25,28176,0,0,0,0,0,0,0,0,1,0,0,0,0,0,0,0,0,0,0,0,0,1,1,1,0,0,0,0,0,1,0,0,0,1,1,0,0,0,0,0,1,0,0,0,0
"61",-1,115.6,202.6,71.7,56.3,3770,183,3.58,3.64,21.5,123,4350,22,25,31600,0,0,0,0,0,0,0,0,1,0,0,0,0,0,0,0,0,0,0,0,0,1,0,0,0,1,0,0,0,1,0,0,0,1,1,0,0,0,0,0,1,0,0,0,0
"62",-1,115.6,202.6,71.7,56.5,3740,234,3.46,3.1,8.3,155,4750,16,18,34184,0,0,0,0,0,0,0,0,1,0,0,0,0,0,0,0,0,0,0,0,1,0,0,0,0,1,0,0,0,0,0,1,0,1,0,0,0,0,0,0,0,0,1,0,0
"63",3,96.6,180.3,70.5,50.8,3685,234,3.46,3.1,8.3,155,4750,16,18,35056,0,0,0,0,0,0,0,0,1,0,0,0,0,0,0,0,0,0,0,0,1,0,1,0,0,0,0,0,0,0,0,1,0,1,0,0,0,0,0,0,0,0,1,0,0
"64",0,120.9,208.1,71.7,56.7,3900,308,3.8,3.35,8,184,4500,14,16,40960,0,0,0,0,0,0,0,0,1,0,0,0,0,0,0,0,0,0,0,0,1,0,0,0,0,1,0,0,0,0,0,1,0,1,0,0,0,0,0,0,0,0,1,0,0
"65",1,112,199.2,72,55.4,3715,304,3.8,3.35,8,184,4500,14,16,45400,0,0,0,0,0,0,0,0,1,0,0,0,0,0,0,0,0,0,0,0,1,0,1,1,0,0,0,0,0,0,0,1,0,1,0,0,0,0,0,0,0,0,1,0,0
"66",1,102.7,178.4,68,54.8,2910,140,3.78,3.12,8,175,5000,19,24,16503,0,0,0,0,0,0,0,0,0,1,0,0,0,0,0,0,0,0,0,0,1,1,1,0,1,0,0,0,0,1,0,0,0,1,0,1,0,0,0,0,0,0,1,0,0
"67",2,93.7,157.3,64.4,50.8,1918,92,2.97,3.23,9.4,68,5500,37,41,5389,0,0,0,0,0,0,0,0,0,0,1,0,0,0,0,0,0,0,0,0,1,0,1,0,1,0,0,0,0,1,0,0,1,0,0,1,0,0,0,1,0,0,0,0,0
"68",2,93.7,157.3,64.4,50.8,1944,92,2.97,3.23,9.4,68,5500,31,38,6189,0,0,0,0,0,0,0,0,0,0,1,0,0,0,0,0,0,0,0,0,1,0,1,0,1,0,0,0,0,1,0,0,1,0,0,1,0,0,0,1,0,0,0,0,0
"69",2,93.7,157.3,64.4,50.8,2004,92,2.97,3.23,9.4,68,5500,31,38,6669,0,0,0,0,0,0,0,0,0,0,1,0,0,0,0,0,0,0,0,0,1,0,1,0,1,0,0,0,0,1,0,0,1,0,0,1,0,0,0,1,0,0,0,0,0
"70",1,93,157.3,63.8,50.8,2145,98,3.03,3.39,7.6,102,5500,24,30,7689,0,0,0,0,0,0,0,0,0,0,1,0,0,0,0,0,0,0,0,0,1,1,1,0,1,0,0,0,0,1,0,0,1,0,0,1,0,0,0,0,0,0,0,1,0
"71",3,96.3,173,65.4,49.4,2370,110,3.17,3.46,7.5,116,5500,23,30,9959,0,0,0,0,0,0,0,0,0,0,1,0,0,0,0,0,0,0,0,0,1,1,1,0,1,0,0,0,0,1,0,0,1,0,0,1,0,0,0,0,0,0,0,1,0
"72",3,96.3,173,65.4,49.4,2328,122,3.35,3.46,8.5,88,5000,25,32,8499,0,0,0,0,0,0,0,0,0,0,1,0,0,0,0,0,0,0,0,0,1,0,1,0,1,0,0,0,0,1,0,0,1,0,0,1,0,0,0,1,0,0,0,0,0
"73",3,95.9,173.2,66.3,50.2,2833,156,3.58,3.86,7,145,5000,19,24,12629,0,0,0,0,0,0,0,0,0,0,1,0,0,0,0,0,0,0,0,0,1,1,1,0,1,0,0,0,0,1,0,0,1,0,0,1,0,0,0,0,0,0,0,1,0
"74",3,95.9,173.2,66.3,50.2,2921,156,3.59,3.86,7,145,5000,19,24,14869,0,0,0,0,0,0,0,0,0,0,1,0,0,0,0,0,0,0,0,0,1,1,1,0,1,0,0,0,0,1,0,0,1,0,0,1,0,0,0,0,0,0,0,1,0
"75",3,95.9,173.2,66.3,50.2,2926,156,3.59,3.86,7,145,5000,19,24,14489,0,0,0,0,0,0,0,0,0,0,1,0,0,0,0,0,0,0,0,0,1,1,1,0,1,0,0,0,0,1,0,0,1,0,0,1,0,0,0,0,0,0,0,1,0
"76",1,96.3,172.4,65.4,51.6,2365,122,3.35,3.46,8.5,88,5000,25,32,6989,0,0,0,0,0,0,0,0,0,0,1,0,0,0,0,0,0,0,0,0,1,0,0,0,0,1,0,0,0,1,0,0,1,0,0,1,0,0,0,1,0,0,0,0,0
"77",1,96.3,172.4,65.4,51.6,2405,122,3.35,3.46,8.5,88,5000,25,32,8189,0,0,0,0,0,0,0,0,0,0,1,0,0,0,0,0,0,0,0,0,1,0,0,0,0,1,0,0,0,1,0,0,1,0,0,1,0,0,0,1,0,0,0,0,0
"78",1,96.3,172.4,65.4,51.6,2403,110,3.17,3.46,7.5,116,5500,23,30,9279,0,0,0,0,0,0,0,0,0,0,1,0,0,0,0,0,0,0,0,0,1,1,0,0,0,1,0,0,0,1,0,0,1,0,0,1,0,0,0,0,0,0,0,1,0
"79",-1,96.3,172.4,65.4,51.6,2403,110,3.17,3.46,7.5,116,5500,23,30,9279,0,0,0,0,0,0,0,0,0,0,1,0,0,0,0,0,0,0,0,0,1,0,0,0,0,1,0,0,0,1,0,0,1,0,0,1,0,0,0,0,0,0,0,1,0
"80",1,94.5,165.3,63.8,54.5,1889,97,3.15,3.29,9.4,69,5200,31,37,5499,0,0,0,0,0,0,0,0,0,0,0,1,0,0,0,0,0,0,0,0,1,0,1,0,0,1,0,0,0,1,0,0,1,0,0,1,0,0,0,1,0,0,0,0,0
"81",1,94.5,165.3,63.8,54.5,2017,103,2.99,3.47,21.9,55,4800,45,50,7099,0,0,0,0,0,0,0,0,0,0,0,1,0,0,0,0,0,0,0,0,0,0,1,0,0,1,0,0,0,1,0,0,1,0,0,1,0,0,0,0,1,0,0,0,0
"82",1,94.5,165.3,63.8,54.5,1918,97,3.15,3.29,9.4,69,5200,31,37,6649,0,0,0,0,0,0,0,0,0,0,0,1,0,0,0,0,0,0,0,0,1,0,1,0,0,1,0,0,0,1,0,0,1,0,0,1,0,0,0,1,0,0,0,0,0
"83",1,94.5,165.3,63.8,54.5,1938,97,3.15,3.29,9.4,69,5200,31,37,6849,0,0,0,0,0,0,0,0,0,0,0,1,0,0,0,0,0,0,0,0,1,0,0,0,0,1,0,0,0,1,0,0,1,0,0,1,0,0,0,1,0,0,0,0,0
"84",1,94.5,170.2,63.8,53.5,2024,97,3.15,3.29,9.4,69,5200,31,37,7349,0,0,0,0,0,0,0,0,0,0,0,1,0,0,0,0,0,0,0,0,1,0,0,0,0,0,1,0,0,1,0,0,1,0,0,1,0,0,0,1,0,0,0,0,0
"85",1,94.5,165.3,63.8,54.5,1951,97,3.15,3.29,9.4,69,5200,31,37,7299,0,0,0,0,0,0,0,0,0,0,0,1,0,0,0,0,0,0,0,0,1,0,1,0,0,1,0,0,0,1,0,0,1,0,0,1,0,0,0,1,0,0,0,0,0
"86",1,94.5,165.6,63.8,53.3,2028,97,3.15,3.29,9.4,69,5200,31,37,7799,0,0,0,0,0,0,0,0,0,0,0,1,0,0,0,0,0,0,0,0,1,0,1,0,1,0,0,0,0,1,0,0,1,0,0,1,0,0,0,1,0,0,0,0,0
"87",1,94.5,165.3,63.8,54.5,1971,97,3.15,3.29,9.4,69,5200,31,37,7499,0,0,0,0,0,0,0,0,0,0,0,1,0,0,0,0,0,0,0,0,1,0,0,0,0,1,0,0,0,1,0,0,1,0,0,1,0,0,0,1,0,0,0,0,0
"88",1,94.5,170.2,63.8,53.5,2037,97,3.15,3.29,9.4,69,5200,31,37,7999,0,0,0,0,0,0,0,0,0,0,0,1,0,0,0,0,0,0,0,0,1,0,0,0,0,0,1,0,0,1,0,0,1,0,0,1,0,0,0,1,0,0,0,0,0
"89",2,95.1,162.4,63.8,53.3,2008,97,3.15,3.29,9.4,69,5200,31,37,8249,0,0,0,0,0,0,0,0,0,0,0,1,0,0,0,0,0,0,0,0,1,0,1,1,0,0,0,0,0,1,0,0,1,0,0,1,0,0,0,1,0,0,0,0,0
"90",0,97.2,173.4,65.2,54.7,2324,120,3.33,3.47,8.5,97,5200,27,34,8949,0,0,0,0,0,0,0,0,0,0,0,1,0,0,0,0,0,0,0,0,1,0,0,0,1,0,0,0,0,1,0,0,1,0,0,1,0,0,0,1,0,0,0,0,0
"91",0,97.2,173.4,65.2,54.7,2302,120,3.33,3.47,8.5,97,5200,27,34,9549,0,0,0,0,0,0,0,0,0,0,0,1,0,0,0,0,0,0,0,0,1,0,0,0,0,1,0,0,0,1,0,0,1,0,0,1,0,0,0,1,0,0,0,0,0
"92",0,100.4,181.7,66.5,55.1,3095,181,3.43,3.27,9,152,5200,17,22,13499,0,0,0,0,0,0,0,0,0,0,0,1,0,0,0,0,0,0,0,0,1,0,0,0,0,1,0,0,0,0,0,1,1,0,0,0,1,0,0,0,0,0,1,0,0
"93",0,100.4,184.6,66.5,56.1,3296,181,3.43,3.27,9,152,5200,17,22,14399,0,0,0,0,0,0,0,0,0,0,0,1,0,0,0,0,0,0,0,0,1,0,0,0,0,0,1,0,0,0,0,1,1,0,0,0,1,0,0,0,0,0,1,0,0
"94",0,100.4,184.6,66.5,55.1,3060,181,3.43,3.27,9,152,5200,19,25,13499,0,0,0,0,0,0,0,0,0,0,0,1,0,0,0,0,0,0,0,0,1,0,0,0,0,1,0,0,0,0,0,1,1,0,0,0,1,0,0,0,0,0,1,0,0
"95",3,91.3,170.7,67.9,49.7,3071,181,3.43,3.27,9,160,5200,19,25,17199,0,0,0,0,0,0,0,0,0,0,0,1,0,0,0,0,0,0,0,0,1,0,1,0,1,0,0,0,0,0,0,1,0,1,0,0,1,0,0,0,0,0,1,0,0
"96",3,91.3,170.7,67.9,49.7,3139,181,3.43,3.27,7.8,200,5200,17,23,19699,0,0,0,0,0,0,0,0,0,0,0,1,0,0,0,0,0,0,0,0,1,1,1,0,1,0,0,0,0,0,0,1,0,1,0,0,1,0,0,0,0,0,1,0,0
"97",1,99.2,178.5,67.9,49.7,3139,181,3.43,3.27,9,160,5200,19,25,18399,0,0,0,0,0,0,0,0,0,0,0,1,0,0,0,0,0,0,0,0,1,0,1,0,1,0,0,0,0,0,0,1,0,1,0,0,1,0,0,0,0,0,1,0,0
"98",0,107.9,186.7,68.4,56.7,3020,120,3.46,3.19,8.4,97,5000,19,24,11900,0,0,0,0,0,0,0,0,0,0,0,0,1,0,0,0,0,0,0,0,1,0,0,0,0,1,0,0,1,0,0,0,0,1,0,1,0,0,0,0,0,0,1,0,0
"99",0,107.9,186.7,68.4,56.7,3197,152,3.7,3.52,21,95,4150,28,33,13200,0,0,0,0,0,0,0,0,0,0,0,0,1,0,0,0,0,0,0,0,0,1,0,0,0,1,0,0,1,0,0,0,0,1,0,1,0,0,0,0,1,0,0,0,0
"100",0,114.2,198.9,68.4,58.7,3230,120,3.46,3.19,8.4,97,5000,19,24,12440,0,0,0,0,0,0,0,0,0,0,0,0,1,0,0,0,0,0,0,0,1,0,0,0,0,0,1,0,1,0,0,0,0,1,0,1,0,0,0,0,0,0,1,0,0
"101",0,114.2,198.9,68.4,58.7,3430,152,3.7,3.52,21,95,4150,25,25,13860,0,0,0,0,0,0,0,0,0,0,0,0,1,0,0,0,0,0,0,0,0,1,0,0,0,0,1,0,1,0,0,0,0,1,0,1,0,0,0,0,1,0,0,0,0
"102",0,107.9,186.7,68.4,56.7,3075,120,3.46,2.19,8.4,95,5000,19,24,15580,0,0,0,0,0,0,0,0,0,0,0,0,1,0,0,0,0,0,0,0,1,0,0,0,0,1,0,0,1,0,0,0,0,1,0,1,0,0,0,0,0,0,1,0,0
"103",0,107.9,186.7,68.4,56.7,3252,152,3.7,3.52,21,95,4150,28,33,16900,0,0,0,0,0,0,0,0,0,0,0,0,1,0,0,0,0,0,0,0,0,1,0,0,0,1,0,0,1,0,0,0,0,1,0,1,0,0,0,0,1,0,0,0,0
"104",0,114.2,198.9,68.4,56.7,3285,120,3.46,2.19,8.4,95,5000,19,24,16695,0,0,0,0,0,0,0,0,0,0,0,0,1,0,0,0,0,0,0,0,1,0,0,0,0,0,1,0,1,0,0,0,0,1,0,1,0,0,0,0,0,0,1,0,0
"105",0,114.2,198.9,68.4,58.7,3485,152,3.7,3.52,21,95,4150,25,25,17075,0,0,0,0,0,0,0,0,0,0,0,0,1,0,0,0,0,0,0,0,0,1,0,0,0,0,1,0,1,0,0,0,0,1,0,1,0,0,0,0,1,0,0,0,0
"106",0,107.9,186.7,68.4,56.7,3075,120,3.46,3.19,8.4,97,5000,19,24,16630,0,0,0,0,0,0,0,0,0,0,0,0,1,0,0,0,0,0,0,0,1,0,0,0,0,1,0,0,1,0,0,0,0,1,0,1,0,0,0,0,0,0,1,0,0
"107",0,107.9,186.7,68.4,56.7,3252,152,3.7,3.52,21,95,4150,28,33,17950,0,0,0,0,0,0,0,0,0,0,0,0,1,0,0,0,0,0,0,0,0,1,0,0,0,1,0,0,1,0,0,0,0,1,0,1,0,0,0,0,1,0,0,0,0
"108",0,108,186.7,68.3,56,3130,134,3.61,3.21,7,142,5600,18,24,18150,0,0,0,0,0,0,0,0,0,0,0,0,1,0,0,0,0,0,0,0,1,1,0,0,0,1,0,0,1,0,0,0,0,1,0,1,0,0,0,0,0,0,1,0,0
"109",1,93.7,157.3,63.8,50.8,1918,90,2.97,3.23,9.4,68,5500,37,41,5572,0,0,0,0,0,0,0,0,0,0,0,0,0,1,0,0,0,0,0,0,1,0,1,0,1,0,0,0,0,1,0,0,1,0,0,1,0,0,0,1,0,0,0,0,0
"110",1,93.7,157.3,63.8,50.8,2128,98,3.03,3.39,7.6,102,5500,24,30,7957,0,0,0,0,0,0,0,0,0,0,0,0,0,1,0,0,0,0,0,0,1,1,1,0,1,0,0,0,0,1,0,0,1,0,0,1,0,0,0,0,0,0,0,1,0
"111",1,93.7,157.3,63.8,50.6,1967,90,2.97,3.23,9.4,68,5500,31,38,6229,0,0,0,0,0,0,0,0,0,0,0,0,0,1,0,0,0,0,0,0,1,0,0,0,1,0,0,0,0,1,0,0,1,0,0,1,0,0,0,1,0,0,0,0,0
"112",1,93.7,167.3,63.8,50.8,1989,90,2.97,3.23,9.4,68,5500,31,38,6692,0,0,0,0,0,0,0,0,0,0,0,0,0,1,0,0,0,0,0,0,1,0,0,0,0,1,0,0,0,1,0,0,1,0,0,1,0,0,0,1,0,0,0,0,0
"113",1,93.7,167.3,63.8,50.8,2191,98,2.97,3.23,9.4,68,5500,31,38,7609,0,0,0,0,0,0,0,0,0,0,0,0,0,1,0,0,0,0,0,0,1,0,0,0,0,1,0,0,0,1,0,0,1,0,0,1,0,0,0,1,0,0,0,0,0
"114",-1,103.3,174.6,64.6,59.8,2535,122,3.35,3.46,8.5,88,5000,24,30,8921,0,0,0,0,0,0,0,0,0,0,0,0,0,1,0,0,0,0,0,0,1,0,0,0,0,0,1,0,0,1,0,0,1,0,0,1,0,0,0,1,0,0,0,0,0
"115",3,95.9,173.2,66.3,50.2,2818,156,3.59,3.86,7,145,5000,19,24,12764,0,0,0,0,0,0,0,0,0,0,0,0,0,1,0,0,0,0,0,0,1,1,1,0,1,0,0,0,0,1,0,0,0,1,0,1,0,0,0,0,0,0,0,1,0
"116",3,94.5,168.9,68.3,50.2,2778,151,3.94,3.11,9.5,143,5500,19,27,22018,0,0,0,0,0,0,0,0,0,0,0,0,0,0,1,0,0,0,0,0,1,0,1,0,1,0,0,0,0,1,0,0,0,1,0,1,0,0,0,0,0,0,1,0,0
"117",3,89.5,168.9,65,51.6,2756,194,3.74,2.9,9.5,207,5900,17,25,32528,0,0,0,0,0,0,0,0,0,0,0,0,0,0,1,0,0,0,0,0,1,0,1,1,0,0,0,1,0,0,1,0,0,1,0,0,1,0,0,0,0,0,1,0,0
"118",3,89.5,168.9,65,51.6,2756,194,3.74,2.9,9.5,207,5900,17,25,34028,0,0,0,0,0,0,0,0,0,0,0,0,0,0,1,0,0,0,0,0,1,0,1,1,0,0,0,1,0,0,1,0,0,1,0,0,1,0,0,0,0,0,1,0,0
"119",3,89.5,168.9,65,51.6,2800,194,3.74,2.9,9.5,207,5900,17,25,37028,0,0,0,0,0,0,0,0,0,0,0,0,0,0,1,0,0,0,0,0,1,0,1,0,0,0,0,1,0,0,1,0,0,1,0,0,1,0,0,0,0,0,1,0,0
"120",3,99.1,186.6,66.5,56.1,2658,121,3.54,3.07,9.31,110,5250,21,28,11850,0,0,0,0,0,0,0,0,0,0,0,0,0,0,0,1,0,0,0,0,1,0,1,0,1,0,0,0,0,1,0,0,1,0,0,1,0,0,0,0,0,0,1,0,0
"121",2,99.1,186.6,66.5,56.1,2695,121,3.54,3.07,9.3,110,5250,21,28,12170,0,0,0,0,0,0,0,0,0,0,0,0,0,0,0,1,0,0,0,0,1,0,0,0,0,1,0,0,0,1,0,0,1,0,0,1,0,0,0,0,0,0,1,0,0
"122",3,99.1,186.6,66.5,56.1,2707,121,2.54,2.07,9.3,110,5250,21,28,15040,0,0,0,0,0,0,0,0,0,0,0,0,0,0,0,1,0,0,0,0,1,0,1,0,1,0,0,0,0,1,0,0,1,0,0,1,0,0,0,0,0,0,1,0,0
"123",2,99.1,186.6,66.5,56.1,2758,121,3.54,3.07,9.3,110,5250,21,28,15510,0,0,0,0,0,0,0,0,0,0,0,0,0,0,0,1,0,0,0,0,1,0,0,0,0,1,0,0,0,1,0,0,1,0,0,1,0,0,0,0,0,0,1,0,0
"124",3,99.1,186.6,66.5,56.1,2808,121,3.54,3.07,9,160,5500,19,26,18150,0,0,0,0,0,0,0,0,0,0,0,0,0,0,0,1,0,0,0,0,1,1,1,0,1,0,0,0,0,0,0,0,1,0,0,1,0,0,0,0,0,0,1,0,0
"125",2,99.1,186.6,66.5,56.1,2847,121,3.54,3.07,9,160,5500,19,26,18620,0,0,0,0,0,0,0,0,0,0,0,0,0,0,0,1,0,0,0,0,1,1,0,0,0,1,0,0,0,0,0,0,1,0,0,1,0,0,0,0,0,0,1,0,0
"126",2,93.7,156.9,63.4,53.7,2050,97,3.62,2.36,9,69,4900,31,36,5118,0,0,0,0,0,0,0,0,0,0,0,0,0,0,0,0,1,0,0,0,1,0,1,0,1,0,0,0,0,0,1,0,1,0,0,1,0,0,0,1,0,0,0,0,0
"127",2,93.7,157.9,63.6,53.7,2120,108,3.62,2.64,8.7,73,4400,26,31,7053,0,0,0,0,0,0,0,0,0,0,0,0,0,0,0,0,1,0,0,0,1,0,1,0,1,0,0,0,0,0,1,0,1,0,0,1,0,0,0,1,0,0,0,0,0
"128",2,93.3,157.3,63.8,55.7,2240,108,3.62,2.64,8.7,73,4400,26,31,7603,0,0,0,0,0,0,0,0,0,0,0,0,0,0,0,0,1,0,0,0,1,0,1,0,1,0,0,0,0,0,1,0,0,0,0,1,0,0,0,1,0,0,0,0,0
"129",0,97.2,172,65.4,52.5,2145,108,3.62,2.64,9.5,82,4800,32,37,7126,0,0,0,0,0,0,0,0,0,0,0,0,0,0,0,0,1,0,0,0,1,0,0,0,0,1,0,0,0,0,1,0,1,0,0,1,0,0,0,1,0,0,0,0,0
"130",0,97.2,172,65.4,52.5,2190,108,3.62,2.64,9.5,82,4400,28,33,7775,0,0,0,0,0,0,0,0,0,0,0,0,0,0,0,0,1,0,0,0,1,0,0,0,0,1,0,0,0,0,1,0,1,0,0,1,0,0,0,1,0,0,0,0,0
"131",0,97.2,172,65.4,52.5,2340,108,3.62,2.64,9,94,5200,26,32,9960,0,0,0,0,0,0,0,0,0,0,0,0,0,0,0,0,1,0,0,0,1,0,0,0,0,1,0,0,0,0,1,0,1,0,0,1,0,0,0,0,0,0,1,0,0
"132",0,97,172,65.4,54.3,2385,108,3.62,2.64,9,82,4800,24,25,9233,0,0,0,0,0,0,0,0,0,0,0,0,0,0,0,0,1,0,0,0,1,0,0,0,0,1,0,0,0,0,1,0,0,0,0,1,0,0,0,1,0,0,0,0,0
"133",0,97,172,65.4,54.3,2510,108,3.62,2.64,7.7,111,4800,24,29,11259,0,0,0,0,0,0,0,0,0,0,0,0,0,0,0,0,1,0,0,0,1,1,0,0,0,1,0,0,0,0,1,0,0,0,0,1,0,0,0,0,0,0,1,0,0
"134",0,97,173.5,65.4,53,2290,108,3.62,2.64,9,82,4800,28,32,7463,0,0,0,0,0,0,0,0,0,0,0,0,0,0,0,0,1,0,0,0,1,0,0,0,0,0,1,0,0,0,1,0,1,0,0,1,0,0,0,1,0,0,0,0,0
"135",0,97,173.5,65.4,53,2455,108,3.62,2.64,9,94,5200,25,31,10198,0,0,0,0,0,0,0,0,0,0,0,0,0,0,0,0,1,0,0,0,1,0,0,0,0,0,1,0,0,0,1,0,1,0,0,1,0,0,0,0,0,0,1,0,0
"136",0,96.9,173.6,65.4,54.9,2420,108,3.62,2.64,9,82,4800,23,29,8013,0,0,0,0,0,0,0,0,0,0,0,0,0,0,0,0,1,0,0,0,1,0,0,0,0,0,1,0,0,0,1,0,0,0,0,1,0,0,0,1,0,0,0,0,0
"137",0,96.9,173.6,65.4,54.9,2650,108,3.62,2.64,7.7,111,4800,23,23,11694,0,0,0,0,0,0,0,0,0,0,0,0,0,0,0,0,1,0,0,0,1,1,0,0,0,0,1,0,0,0,1,0,0,0,0,1,0,0,0,0,0,0,1,0,0
"138",1,95.7,158.7,63.6,54.5,1985,92,3.05,3.03,9,62,4800,35,39,5348,0,0,0,0,0,0,0,0,0,0,0,0,0,0,0,0,0,1,0,0,1,0,1,0,1,0,0,0,0,1,0,0,1,0,0,1,0,0,0,1,0,0,0,0,0
"139",1,95.7,158.7,63.6,54.5,2040,92,3.05,3.03,9,62,4800,31,38,6338,0,0,0,0,0,0,0,0,0,0,0,0,0,0,0,0,0,1,0,0,1,0,1,0,1,0,0,0,0,1,0,0,1,0,0,1,0,0,0,1,0,0,0,0,0
"140",1,95.7,158.7,63.6,54.5,2015,92,3.05,3.03,9,62,4800,31,38,6488,0,0,0,0,0,0,0,0,0,0,0,0,0,0,0,0,0,1,0,0,1,0,0,0,1,0,0,0,0,1,0,0,1,0,0,1,0,0,0,1,0,0,0,0,0
"141",0,95.7,169.7,63.6,59.1,2280,92,3.05,3.03,9,62,4800,31,37,6918,0,0,0,0,0,0,0,0,0,0,0,0,0,0,0,0,0,1,0,0,1,0,0,0,0,0,1,0,0,1,0,0,1,0,0,1,0,0,0,1,0,0,0,0,0
"142",0,95.7,169.7,63.6,59.1,2290,92,3.05,3.03,9,62,4800,27,32,7898,0,0,0,0,0,0,0,0,0,0,0,0,0,0,0,0,0,1,0,0,1,0,0,0,0,0,1,0,0,1,0,0,0,0,0,1,0,0,0,1,0,0,0,0,0
"143",0,95.7,169.7,63.6,59.1,3110,92,3.05,3.03,9,62,4800,27,32,8778,0,0,0,0,0,0,0,0,0,0,0,0,0,0,0,0,0,1,0,0,1,0,0,0,0,0,1,0,0,1,0,0,0,0,0,1,0,0,0,1,0,0,0,0,0
"144",0,95.7,166.3,64.4,53,2081,98,3.19,3.03,9,70,4800,30,37,6938,0,0,0,0,0,0,0,0,0,0,0,0,0,0,0,0,0,1,0,0,1,0,0,0,0,1,0,0,0,1,0,0,1,0,0,1,0,0,0,1,0,0,0,0,0
"145",0,95.7,166.3,64.4,52.8,2109,98,3.19,3.03,9,70,4800,30,37,7198,0,0,0,0,0,0,0,0,0,0,0,0,0,0,0,0,0,1,0,0,1,0,0,0,1,0,0,0,0,1,0,0,1,0,0,1,0,0,0,1,0,0,0,0,0
"146",0,95.7,166.3,64.4,53,2275,110,3.27,3.35,22.5,56,4500,34,36,7898,0,0,0,0,0,0,0,0,0,0,0,0,0,0,0,0,0,1,0,0,0,0,0,0,0,1,0,0,0,1,0,0,1,0,0,1,0,0,0,0,1,0,0,0,0
"147",0,95.7,166.3,64.4,52.8,2275,110,3.27,3.35,22.5,56,4500,38,47,7788,0,0,0,0,0,0,0,0,0,0,0,0,0,0,0,0,0,1,0,0,0,0,0,0,1,0,0,0,0,1,0,0,1,0,0,1,0,0,0,0,1,0,0,0,0
"148",0,95.7,166.3,64.4,53,2094,98,3.19,3.03,9,70,4800,38,47,7738,0,0,0,0,0,0,0,0,0,0,0,0,0,0,0,0,0,1,0,0,1,0,0,0,0,1,0,0,0,1,0,0,1,0,0,1,0,0,0,1,0,0,0,0,0
"149",0,95.7,166.3,64.4,52.8,2122,98,3.19,3.03,9,70,4800,28,34,8358,0,0,0,0,0,0,0,0,0,0,0,0,0,0,0,0,0,1,0,0,1,0,0,0,1,0,0,0,0,1,0,0,1,0,0,1,0,0,0,1,0,0,0,0,0
"150",0,95.7,166.3,64.4,52.8,2140,98,3.19,3.03,9,70,4800,28,34,9258,0,0,0,0,0,0,0,0,0,0,0,0,0,0,0,0,0,1,0,0,1,0,0,0,0,1,0,0,0,1,0,0,1,0,0,1,0,0,0,1,0,0,0,0,0
"151",1,94.5,168.7,64,52.6,2169,98,3.19,3.03,9,70,4800,29,34,8058,0,0,0,0,0,0,0,0,0,0,0,0,0,0,0,0,0,1,0,0,1,0,1,0,0,1,0,0,0,1,0,0,0,1,0,1,0,0,0,1,0,0,0,0,0
"152",1,94.5,168.7,64,52.6,2204,98,3.19,3.03,9,70,4800,29,34,8238,0,0,0,0,0,0,0,0,0,0,0,0,0,0,0,0,0,1,0,0,1,0,1,0,1,0,0,0,0,1,0,0,0,1,0,1,0,0,0,1,0,0,0,0,0
"153",1,94.5,168.7,64,52.6,2265,98,3.24,3.08,9.4,112,6600,26,29,9298,0,0,0,0,0,0,0,0,0,0,0,0,0,0,0,0,0,1,0,0,1,0,1,0,0,1,0,0,0,0,0,0,0,1,0,1,0,0,0,0,0,0,1,0,0
"154",1,94.5,168.7,64,52.6,2300,98,3.24,3.08,9.4,112,6600,26,29,9538,0,0,0,0,0,0,0,0,0,0,0,0,0,0,0,0,0,1,0,0,1,0,1,0,1,0,0,0,0,0,0,0,0,1,0,1,0,0,0,0,0,0,1,0,0
"155",2,98.4,176.2,65.6,52,2540,146,3.62,3.5,9.3,116,4800,24,30,8449,0,0,0,0,0,0,0,0,0,0,0,0,0,0,0,0,0,1,0,0,1,0,1,1,0,0,0,0,0,1,0,0,0,1,0,1,0,0,0,0,0,0,1,0,0
"156",2,98.4,176.2,65.6,52,2536,146,3.62,3.5,9.3,116,4800,24,30,9639,0,0,0,0,0,0,0,0,0,0,0,0,0,0,0,0,0,1,0,0,1,0,1,1,0,0,0,0,0,1,0,0,0,1,0,1,0,0,0,0,0,0,1,0,0
"157",2,98.4,176.2,65.6,52,2551,146,3.62,3.5,9.3,116,4800,24,30,9989,0,0,0,0,0,0,0,0,0,0,0,0,0,0,0,0,0,1,0,0,1,0,1,0,1,0,0,0,0,1,0,0,0,1,0,1,0,0,0,0,0,0,1,0,0
"158",2,98.4,176.2,65.6,52,2679,146,3.62,3.5,9.3,116,4800,24,30,11199,0,0,0,0,0,0,0,0,0,0,0,0,0,0,0,0,0,1,0,0,1,0,1,1,0,0,0,0,0,1,0,0,0,1,0,1,0,0,0,0,0,0,1,0,0
"159",2,98.4,176.2,65.6,52,2714,146,3.62,3.5,9.3,116,4800,24,30,11549,0,0,0,0,0,0,0,0,0,0,0,0,0,0,0,0,0,1,0,0,1,0,1,0,1,0,0,0,0,1,0,0,0,1,0,1,0,0,0,0,0,0,1,0,0
"160",2,98.4,176.2,65.6,53,2975,146,3.62,3.5,9.3,116,4800,24,30,17669,0,0,0,0,0,0,0,0,0,0,0,0,0,0,0,0,0,1,0,0,1,0,1,0,0,0,0,0,0,1,0,0,0,1,0,1,0,0,0,0,0,0,1,0,0
"161",-1,102.4,175.6,66.5,54.9,2326,122,3.31,3.54,8.7,92,4200,29,34,8948,0,0,0,0,0,0,0,0,0,0,0,0,0,0,0,0,0,1,0,0,1,0,0,0,0,1,0,0,0,1,0,0,1,0,0,1,0,0,0,0,0,0,1,0,0
"162",-1,102.4,175.6,66.5,54.9,2480,110,3.27,3.35,22.5,73,4500,30,33,10698,0,0,0,0,0,0,0,0,0,0,0,0,0,0,0,0,0,1,0,0,0,1,0,0,0,1,0,0,0,1,0,0,1,0,0,1,0,0,0,0,1,0,0,0,0
"163",-1,102.4,175.6,66.5,53.9,2414,122,3.31,3.54,8.7,92,4200,27,32,9988,0,0,0,0,0,0,0,0,0,0,0,0,0,0,0,0,0,1,0,0,1,0,0,0,1,0,0,0,0,1,0,0,1,0,0,1,0,0,0,0,0,0,1,0,0
"164",-1,102.4,175.6,66.5,54.9,2414,122,3.31,3.54,8.7,92,4200,27,32,10898,0,0,0,0,0,0,0,0,0,0,0,0,0,0,0,0,0,1,0,0,1,0,0,0,0,1,0,0,0,1,0,0,1,0,0,1,0,0,0,0,0,0,1,0,0
"165",-1,102.4,175.6,66.5,53.9,2458,122,3.31,3.54,8.7,92,4200,27,32,11248,0,0,0,0,0,0,0,0,0,0,0,0,0,0,0,0,0,1,0,0,1,0,0,0,1,0,0,0,0,1,0,0,1,0,0,1,0,0,0,0,0,0,1,0,0
"166",3,102.9,183.5,67.7,52,2976,171,3.27,3.35,9.3,161,5200,20,24,16558,0,0,0,0,0,0,0,0,0,0,0,0,0,0,0,0,0,1,0,0,1,0,1,0,1,0,0,0,0,0,0,0,0,1,0,0,1,0,0,0,0,0,1,0,0
"167",3,102.9,183.5,67.7,52,3016,171,3.27,3.35,9.3,161,5200,19,24,15998,0,0,0,0,0,0,0,0,0,0,0,0,0,0,0,0,0,1,0,0,1,0,1,0,1,0,0,0,0,0,0,0,0,1,0,0,1,0,0,0,0,0,1,0,0
"168",-1,104.5,187.8,66.5,54.1,3131,171,3.27,3.35,9.2,156,5200,20,24,15690,0,0,0,0,0,0,0,0,0,0,0,0,0,0,0,0,0,1,0,0,1,0,0,0,0,1,0,0,0,0,0,0,0,1,0,0,1,0,0,0,0,0,1,0,0
"169",-1,104.5,187.8,66.5,54.1,3151,161,3.27,3.35,9.2,156,5200,19,24,15750,0,0,0,0,0,0,0,0,0,0,0,0,0,0,0,0,0,1,0,0,1,0,0,0,0,0,1,0,0,0,0,0,0,1,0,0,1,0,0,0,0,0,1,0,0
"170",2,97.3,171.7,65.5,55.7,2261,97,3.01,3.4,23,52,4800,37,46,7775,0,0,0,0,0,0,0,0,0,0,0,0,0,0,0,0,0,0,1,0,0,0,1,0,0,1,0,0,0,1,0,0,1,0,0,1,0,0,0,0,1,0,0,0,0
"171",2,97.3,171.7,65.5,55.7,2209,109,3.19,3.4,9,85,5250,27,34,7975,0,0,0,0,0,0,0,0,0,0,0,0,0,0,0,0,0,0,1,0,1,0,1,0,0,1,0,0,0,1,0,0,1,0,0,1,0,0,0,0,0,0,1,0,0
"172",2,97.3,171.7,65.5,55.7,2264,97,3.01,3.4,23,52,4800,37,46,7995,0,0,0,0,0,0,0,0,0,0,0,0,0,0,0,0,0,0,1,0,0,0,0,0,0,1,0,0,0,1,0,0,1,0,0,1,0,0,0,0,1,0,0,0,0
"173",2,97.3,171.7,65.5,55.7,2212,109,3.19,3.4,9,85,5250,27,34,8195,0,0,0,0,0,0,0,0,0,0,0,0,0,0,0,0,0,0,1,0,1,0,0,0,0,1,0,0,0,1,0,0,1,0,0,1,0,0,0,0,0,0,1,0,0
"174",2,97.3,171.7,65.5,55.7,2275,109,3.19,3.4,9,85,5250,27,34,8495,0,0,0,0,0,0,0,0,0,0,0,0,0,0,0,0,0,0,1,0,1,0,0,0,0,1,0,0,0,1,0,0,1,0,0,1,0,0,0,0,0,0,1,0,0
"175",2,97.3,171.7,65.5,55.7,2319,97,3.01,3.4,23,68,4500,37,42,9495,0,0,0,0,0,0,0,0,0,0,0,0,0,0,0,0,0,0,1,0,0,1,0,0,0,1,0,0,0,1,0,0,1,0,0,1,0,0,0,0,1,0,0,0,0
"176",2,97.3,171.7,65.5,55.7,2300,109,3.19,3.4,10,100,5500,26,32,9995,0,0,0,0,0,0,0,0,0,0,0,0,0,0,0,0,0,0,1,0,1,0,0,0,0,1,0,0,0,1,0,0,1,0,0,1,0,0,0,0,0,0,1,0,0
"177",3,94.5,159.3,64.2,55.6,2254,109,3.19,3.4,8.5,90,5500,24,29,11595,0,0,0,0,0,0,0,0,0,0,0,0,0,0,0,0,0,0,1,0,1,0,1,0,0,0,0,0,0,1,0,0,1,0,0,1,0,0,0,0,0,0,1,0,0
"178",3,94.5,165.7,64,51.4,2221,109,3.19,3.4,8.5,90,5500,24,29,9980,0,0,0,0,0,0,0,0,0,0,0,0,0,0,0,0,0,0,1,0,1,0,1,0,1,0,0,0,0,1,0,0,1,0,0,1,0,0,0,0,0,0,1,0,0
"179",0,100.4,180.2,66.9,55.1,2661,136,3.19,3.4,8.5,110,5500,19,24,13295,0,0,0,0,0,0,0,0,0,0,0,0,0,0,0,0,0,0,1,0,1,0,0,0,0,1,0,0,0,1,0,0,1,0,1,0,0,0,0,0,0,0,1,0,0
"180",0,100.4,180.2,66.9,55.1,2579,97,3.01,3.4,23,68,4500,33,38,13845,0,0,0,0,0,0,0,0,0,0,0,0,0,0,0,0,0,0,1,0,0,1,0,0,0,1,0,0,0,1,0,0,1,0,0,1,0,0,0,0,1,0,0,0,0
"181",0,100.4,183.1,66.9,55.1,2563,109,3.19,3.4,9,88,5500,25,31,12290,0,0,0,0,0,0,0,0,0,0,0,0,0,0,0,0,0,0,1,0,1,0,0,0,0,0,1,0,0,1,0,0,1,0,0,1,0,0,0,0,0,0,1,0,0
"182",-2,104.3,188.8,67.2,56.2,2912,141,3.78,3.15,9.5,114,5400,23,28,12940,0,0,0,0,0,0,0,0,0,0,0,0,0,0,0,0,0,0,0,1,1,0,0,0,0,1,0,0,0,1,0,0,0,1,0,1,0,0,0,0,0,0,1,0,0
"183",-1,104.3,188.8,67.2,57.5,3034,141,3.78,3.15,9.5,114,5400,23,28,13415,0,0,0,0,0,0,0,0,0,0,0,0,0,0,0,0,0,0,0,1,1,0,0,0,0,0,1,0,0,1,0,0,0,1,0,1,0,0,0,0,0,0,1,0,0
"184",-2,104.3,188.8,67.2,56.2,2935,141,3.78,3.15,9.5,114,5400,24,28,15985,0,0,0,0,0,0,0,0,0,0,0,0,0,0,0,0,0,0,0,1,1,0,0,0,0,1,0,0,0,1,0,0,0,1,0,1,0,0,0,0,0,0,1,0,0
"185",-1,104.3,188.8,67.2,57.5,3042,141,3.78,3.15,9.5,114,5400,24,28,16515,0,0,0,0,0,0,0,0,0,0,0,0,0,0,0,0,0,0,0,1,1,0,0,0,0,0,1,0,0,1,0,0,0,1,0,1,0,0,0,0,0,0,1,0,0
"186",-2,104.3,188.8,67.2,56.2,3045,130,3.62,3.15,7.5,162,5100,17,22,18420,0,0,0,0,0,0,0,0,0,0,0,0,0,0,0,0,0,0,0,1,1,1,0,0,0,1,0,0,0,1,0,0,0,1,0,1,0,0,0,0,0,0,1,0,0
"187",-1,104.3,188.8,67.2,57.5,3157,130,3.62,3.15,7.5,162,5100,17,22,18950,0,0,0,0,0,0,0,0,0,0,0,0,0,0,0,0,0,0,0,1,1,1,0,0,0,0,1,0,0,1,0,0,0,1,0,1,0,0,0,0,0,0,1,0,0
"188",-1,109.1,188.8,68.9,55.5,2952,141,3.78,3.15,9.5,114,5400,23,28,16845,0,0,0,0,0,0,0,0,0,0,0,0,0,0,0,0,0,0,0,1,1,0,0,0,0,1,0,0,0,1,0,0,0,1,0,1,0,0,0,0,0,0,1,0,0
"189",-1,109.1,188.8,68.8,55.5,3049,141,3.78,3.15,8.7,160,5300,19,25,19045,0,0,0,0,0,0,0,0,0,0,0,0,0,0,0,0,0,0,0,1,1,1,0,0,0,1,0,0,0,1,0,0,0,1,0,1,0,0,0,0,0,0,1,0,0
"190",-1,109.1,188.8,68.9,55.5,3012,173,3.58,2.87,8.8,134,5500,18,23,21485,0,0,0,0,0,0,0,0,0,0,0,0,0,0,0,0,0,0,0,1,1,0,0,0,0,1,0,0,0,0,0,1,0,1,0,0,1,0,0,0,0,0,1,0,0
"191",-1,109.1,188.8,68.9,55.5,3217,145,3.01,3.4,23,106,4800,26,27,22470,0,0,0,0,0,0,0,0,0,0,0,0,0,0,0,0,0,0,0,1,0,1,0,0,0,1,0,0,0,1,0,0,0,1,0,0,1,0,0,0,1,0,0,0,0
"192",-1,109.1,188.8,68.9,55.5,3062,141,3.78,3.15,9.5,114,5400,19,25,22625,0,0,0,0,0,0,0,0,0,0,0,0,0,0,0,0,0,0,0,1,1,1,0,0,0,1,0,0,0,1,0,0,0,1,0,1,0,0,0,0,0,0,1,0,0
